target,size,model_a,model_b,metric,mean_difference,repetitions,std_difference
target_recurrence,100,tabpfn,lightgbm,roc_auc,0.13860153256704982,5,0.05861954514884543
target_recurrence,100,tabpfn,lightgbm,average_precision,0.2682476177649891,5,0.03431091568023422
target_recurrence,100,tabpfn,lightgbm,brier,-0.06732048665513017,5,0.017167074728102277
target_recurrence,100,tabpfn,lightgbm,ece,-0.08833932489749137,5,0.04894135233064526
target_recurrence,200,tabpfn,lightgbm,roc_auc,0.13098659003831412,5,0.03473584420337241
target_recurrence,200,tabpfn,lightgbm,average_precision,0.25663013633919335,5,0.04962663527502983
target_recurrence,200,tabpfn,lightgbm,brier,-0.07231506411738411,5,0.014544953533453704
target_recurrence,200,tabpfn,lightgbm,ece,-0.12127097436179075,5,0.02357605010629549
target_recurrence,50,tabpfn,lightgbm,roc_auc,0.08295019157088127,5,0.11418608474189497
target_recurrence,50,tabpfn,lightgbm,average_precision,0.1551332431943877,5,0.14611151584891874
target_recurrence,50,tabpfn,lightgbm,brier,-0.028853833089808593,5,0.04376100519455008
target_recurrence,50,tabpfn,lightgbm,ece,-0.04120905216496111,5,0.06247018538835579
target_recurrence,500,tabpfn,lightgbm,roc_auc,0.059578544061302696,5,0.022359669359376243
target_recurrence,500,tabpfn,lightgbm,average_precision,0.022678580979271466,5,0.023894390206997743
target_recurrence,500,tabpfn,lightgbm,brier,-0.015527772110940707,5,0.004103781592120559
target_recurrence,500,tabpfn,lightgbm,ece,-0.07389334453169016,5,0.019432968273022024
target_recurrence,Full,tabpfn,lightgbm,roc_auc,0.015996168582375403,5,0.0015739153951298162
target_recurrence,Full,tabpfn,lightgbm,average_precision,-0.04932550355367447,5,0.004063484444516719
target_recurrence,Full,tabpfn,lightgbm,brier,-0.0018147631129769525,5,0.00039808150726308993
target_recurrence,Full,tabpfn,lightgbm,ece,-0.07024121822241208,5,0.005103476120639115
target_survival_5y,100,tabpfn,lightgbm,roc_auc,0.11136950904392764,5,0.040822069026841795
target_survival_5y,100,tabpfn,lightgbm,average_precision,0.17281375353466874,5,0.03935180420988078
target_survival_5y,100,tabpfn,lightgbm,brier,-0.06859291284651665,5,0.009492932069514503
target_survival_5y,100,tabpfn,lightgbm,ece,-0.09620444686100518,5,0.035711435194279696
target_survival_5y,200,tabpfn,lightgbm,roc_auc,0.05064599483204128,5,0.035073414752637255
target_survival_5y,200,tabpfn,lightgbm,average_precision,0.1006126778698142,5,0.046435827440237616
target_survival_5y,200,tabpfn,lightgbm,brier,-0.05073187072806691,5,0.016107827899080093
target_survival_5y,200,tabpfn,lightgbm,ece,-0.08939705693130975,5,0.03176973627685982
target_survival_5y,50,tabpfn,lightgbm,roc_auc,0.12887596899224807,5,0.052046200432067716
target_survival_5y,50,tabpfn,lightgbm,average_precision,0.1475745584176925,5,0.04750259770744296
target_survival_5y,50,tabpfn,lightgbm,brier,-0.05191702154400592,5,0.017768196498065554
target_survival_5y,50,tabpfn,lightgbm,ece,-0.12139486824095158,5,0.02084259370935672
target_survival_5y,Full,tabpfn,lightgbm,roc_auc,0.029974160206718392,5,0.003375284361140333
target_survival_5y,Full,tabpfn,lightgbm,average_precision,0.06539218042383481,5,0.0035082321496250723
target_survival_5y,Full,tabpfn,lightgbm,brier,-0.03463157336916674,5,0.0007787291994443958
target_survival_5y,Full,tabpfn,lightgbm,ece,-0.07886365566858615,5,0.010029284058461
target_recurrence,100,tabpfn,xgboost,roc_auc,0.057136015325670544,5,0.04453559486450432
target_recurrence,100,tabpfn,xgboost,average_precision,0.17721853980912755,5,0.017182689588520265
target_recurrence,100,tabpfn,xgboost,brier,-0.04830059485827577,5,0.01800579873164356
target_recurrence,100,tabpfn,xgboost,ece,-0.07087282163338388,5,0.04883207808258571
target_recurrence,200,tabpfn,xgboost,roc_auc,0.030890804597701105,5,0.03357233576784397
target_recurrence,200,tabpfn,xgboost,average_precision,0.087845309657186,5,0.054040497960596616
target_recurrence,200,tabpfn,xgboost,brier,-0.038106281334491565,5,0.012664816175431389
target_recurrence,200,tabpfn,xgboost,ece,-0.08410003281073601,5,0.018762197289717255
target_recurrence,50,tabpfn,xgboost,roc_auc,0.08304597701149427,5,0.0853669099386489
target_recurrence,50,tabpfn,xgboost,average_precision,0.16274406436044714,5,0.11373324555579604
target_recurrence,50,tabpfn,xgboost,brier,-0.0633230741165374,5,0.024702594715842224
target_recurrence,50,tabpfn,xgboost,ece,-0.11156999649492239,5,0.07749983259256901
target_recurrence,500,tabpfn,xgboost,roc_auc,0.029118773946360154,5,0.026651879301879084
target_recurrence,500,tabpfn,xgboost,average_precision,0.01088875345039908,5,0.026385153025964815
target_recurrence,500,tabpfn,xgboost,brier,-0.016508149232269252,5,0.0059287014772340775
target_recurrence,500,tabpfn,xgboost,ece,-0.07189301127670517,5,0.024755692975404354
target_recurrence,Full,tabpfn,xgboost,roc_auc,0.033237547892720376,5,0.0015739153951298162
target_recurrence,Full,tabpfn,xgboost,average_precision,0.0027191186521915655,5,0.004063484444516719
target_recurrence,Full,tabpfn,xgboost,brier,-0.013449040644433691,5,0.00039808150726308993
target_recurrence,Full,tabpfn,xgboost,ece,-0.06589270468003203,5,0.005103476120639115
target_survival_5y,100,tabpfn,xgboost,roc_auc,0.07325581395348835,5,0.05117771491671266
target_survival_5y,100,tabpfn,xgboost,average_precision,0.15851614805443348,5,0.04926132393310857
target_survival_5y,100,tabpfn,xgboost,brier,-0.07234271186748135,5,0.022785058957963518
target_survival_5y,100,tabpfn,xgboost,ece,-0.12344056498819275,5,0.06157215235745731
target_survival_5y,200,tabpfn,xgboost,roc_auc,0.03656330749354,5,0.05779867060413257
target_survival_5y,200,tabpfn,xgboost,average_precision,0.08646797112528404,5,0.07742945381760147
target_survival_5y,200,tabpfn,xgboost,brier,-0.05561206454942147,5,0.032049629899267316
target_survival_5y,200,tabpfn,xgboost,ece,-0.11722757290110075,5,0.02758488072479472
target_survival_5y,50,tabpfn,xgboost,roc_auc,0.10697674418604655,5,0.0707424808336703
target_survival_5y,50,tabpfn,xgboost,average_precision,0.12875255242714645,5,0.06234506209857025
target_survival_5y,50,tabpfn,xgboost,brier,-0.09654398428591755,5,0.04607027100351089
target_survival_5y,50,tabpfn,xgboost,ece,-0.20130283222592707,5,0.05533981310598396
target_survival_5y,Full,tabpfn,xgboost,roc_auc,0.08359173126614983,5,0.003375284361140333
target_survival_5y,Full,tabpfn,xgboost,average_precision,0.1355764022098,5,0.003508232149625072
target_survival_5y,Full,tabpfn,xgboost,brier,-0.09421453776871258,5,0.0007787291994443958
target_survival_5y,Full,tabpfn,xgboost,ece,-0.14601411817586518,5,0.010029284058461005
target_recurrence,100,lightgbm,xgboost,roc_auc,-0.08146551724137929,5,0.06966650155866859
target_recurrence,100,lightgbm,xgboost,average_precision,-0.09102907795586156,5,0.03599339227455128
target_recurrence,100,lightgbm,xgboost,brier,0.0190198917968544,5,0.011420540663512231
target_recurrence,100,lightgbm,xgboost,ece,0.0174665032641075,5,0.01704803489114354
target_recurrence,200,lightgbm,xgboost,roc_auc,-0.10009578544061301,5,0.03916200068437254
target_recurrence,200,lightgbm,xgboost,average_precision,-0.1687848266820074,5,0.06961489490197185
target_recurrence,200,lightgbm,xgboost,brier,0.03420878278289256,5,0.018784558923997198
target_recurrence,200,lightgbm,xgboost,ece,0.03717094155105473,5,0.019281506252382365
target_recurrence,50,lightgbm,xgboost,roc_auc,9.578544061301652e-05,5,0.08461199082501236
target_recurrence,50,lightgbm,xgboost,average_precision,0.0076108211660594225,5,0.059676800310278354
target_recurrence,50,lightgbm,xgboost,brier,-0.03446924102672879,5,0.03153909027374614
target_recurrence,50,lightgbm,xgboost,ece,-0.07036094432996129,5,0.06021421839431388
target_recurrence,500,lightgbm,xgboost,roc_auc,-0.030459770114942542,5,0.021770389215549194
target_recurrence,500,lightgbm,xgboost,average_precision,-0.011789827528872388,5,0.03189224836929408
target_recurrence,500,lightgbm,xgboost,brier,-0.0009803771213285461,5,0.007777516775095007
target_recurrence,500,lightgbm,xgboost,ece,0.0020003332549850122,5,0.008388914368401746
target_recurrence,Full,lightgbm,xgboost,roc_auc,0.017241379310344973,5,0.0
target_recurrence,Full,lightgbm,xgboost,average_precision,0.05204462220586603,5,0.0
target_recurrence,Full,lightgbm,xgboost,brier,-0.011634277531456738,5,0.0
target_recurrence,Full,lightgbm,xgboost,ece,0.004348513542380056,5,0.0
target_survival_5y,100,lightgbm,xgboost,roc_auc,-0.03811369509043929,5,0.022752411195550843
target_survival_5y,100,lightgbm,xgboost,average_precision,-0.014297605480235264,5,0.023498023520598488
target_survival_5y,100,lightgbm,xgboost,brier,-0.003749799020964706,5,0.019599429611761875
target_survival_5y,100,lightgbm,xgboost,ece,-0.027236118127187597,5,0.029920373782484234
target_survival_5y,200,lightgbm,xgboost,roc_auc,-0.014082687338501288,5,0.03807096978968873
target_survival_5y,200,lightgbm,xgboost,average_precision,-0.014144706744530167,5,0.05968131080547727
target_survival_5y,200,lightgbm,xgboost,brier,-0.004880193821354573,5,0.026811290726877615
target_survival_5y,200,lightgbm,xgboost,ece,-0.02783051596979098,5,0.036999764375279166
target_survival_5y,50,lightgbm,xgboost,roc_auc,-0.021899224806201524,5,0.06425676206542169
target_survival_5y,50,lightgbm,xgboost,average_precision,-0.018822005990546044,5,0.05304784327645806
target_survival_5y,50,lightgbm,xgboost,brier,-0.04462696274191163,5,0.044228899066892285
target_survival_5y,50,lightgbm,xgboost,ece,-0.07990796398497546,5,0.044414897630537464
target_survival_5y,Full,lightgbm,xgboost,roc_auc,0.053617571059431435,5,0.0
target_survival_5y,Full,lightgbm,xgboost,average_precision,0.07018422178596517,5,0.0
target_survival_5y,Full,lightgbm,xgboost,brier,-0.05958296439954586,5,0.0
target_survival_5y,Full,lightgbm,xgboost,ece,-0.06715046250727902,5,0.0
