target,size,n,model,calibration,roc_auc_mean,roc_auc_std,roc_auc_count,average_precision_mean,average_precision_std,average_precision_count,brier_mean,brier_std,brier_count,ece_mean,ece_std,ece_count,log_loss_mean,log_loss_std,log_loss_count
recurrence,100,100,lightgbm,raw,0.644029402940294,0.06865547988214653,10,0.4503228477165585,0.08861582987448532,10,0.17818081397503294,0.01782352806179399,10,0.12348403880311247,0.03513024450284242,10,0.6013978109098324,0.07423848401261998,10
recurrence,100,100,lightgbm,calibrated,0.5486648664866486,0.1189644310945409,5,0.3630122947250079,0.12956645120179908,5,0.18016104033020844,0.00945606444303112,5,0.06225737571544991,0.03407876177324985,5,0.551743261443921,0.023351975664988277,5
recurrence,100,100,logistic,raw,0.6445544554455446,0.02727140881051809,10,0.4657531711949117,0.06539459906006749,10,0.18548546473238173,0.02500275401717764,10,0.07537487588882193,0.06645226340260771,10,0.619643832070531,0.2404590434696619,10
recurrence,100,100,logistic,calibrated,0.6553255325532554,0.02025302527783763,5,0.48736486560609693,0.047451724160888595,5,0.17787218116167933,0.0062966954375179825,5,0.05349753466400643,0.030943426663762187,5,0.5461944062876004,0.027819453429566664,5
recurrence,100,100,rf,raw,0.7142364236423643,0.029582550037176823,10,0.5608033688680955,0.038506801557868495,10,0.16270357865973736,0.004282325948132842,10,0.08978582330582328,0.025937878643920987,10,0.505405123989962,0.01277492957871032,10
recurrence,100,100,rf,calibrated,0.715901590159016,0.02616749301501319,5,0.5691727455203375,0.030160337336694525,5,0.16555984878676908,0.008761210275739178,5,0.05993027327202387,0.026404744353925255,5,0.5090548778051011,0.02012468760589904,5
recurrence,100,100,rf_smote,raw,0.6785778577857786,0.04970321978813202,10,0.4570635680810657,0.0942736668422144,10,0.17275482271960263,0.011889182024731014,10,0.10000032385532368,0.024181288680905282,10,0.5290396058817455,0.024134017016888682,10
recurrence,100,100,rf_smote,calibrated,0.693009300930093,0.032182431254011774,5,0.46951525972769376,0.09539564785180824,5,0.16979628630687604,0.011325307059436891,5,0.07170873995052593,0.037177729761051326,5,0.5215749943462697,0.022791747602075495,5
recurrence,100,100,tabpfn,raw,0.7222022202220222,0.03082854311040454,10,0.6036881293401584,0.03166357623487302,10,0.15076474889296304,0.011037262446499642,10,0.07438379288998558,0.02594568454996851,10,0.47829911330726116,0.025308383440191966,10
recurrence,100,100,tabpfn,calibrated,0.733033303330333,0.029644118235519424,5,0.6138468777383158,0.030982397628439615,5,0.15684187252238307,0.01405456516749372,5,0.0705460435983262,0.017023415926778415,5,0.4907701293476583,0.028963410706165253,5
recurrence,100,100,xgboost,raw,0.646984698469847,0.06852374080313847,10,0.4497068491464595,0.08236053097949007,10,0.17806828859323534,0.017050002753981726,10,0.09957366426485771,0.03778076758760028,10,0.565846661732343,0.06584084523751087,10
recurrence,100,100,xgboost,calibrated,0.6379837983798381,0.10986929112137608,5,0.4340589311252822,0.1267926969110158,5,0.18148830814388894,0.010371415787676438,5,0.0469410975942542,0.036013901995670686,5,0.552357595971277,0.029494547431463566,5
recurrence,200,200,lightgbm,raw,0.7156915691569157,0.026005754230316497,10,0.5969798224625861,0.051870629154814274,10,0.1513285533637197,0.013280280177843657,10,0.1050968759415841,0.020428676445016093,10,0.5218116801319951,0.050985056631588754,10
recurrence,200,200,lightgbm,calibrated,0.7308730873087309,0.021853844360358126,5,0.6122670330751033,0.05821709647530139,5,0.15040652494859555,0.011287239026766174,5,0.06891057444264205,0.02600208811128766,5,0.4791810477823913,0.02186621352046497,5
recurrence,200,200,logistic,raw,0.6894989498949895,0.024828457146837287,10,0.5173188446302289,0.030895708597865026,10,0.17788541837033864,0.016875204795018056,10,0.08969682787637615,0.05765652027566484,10,0.5920839602589637,0.15035764325965645,10
recurrence,200,200,logistic,calibrated,0.6881488148814882,0.02048745818766301,5,0.5266377083712943,0.03824740998600836,5,0.16832381170735342,0.003876772496564685,5,0.04813292390063421,0.012926311964985856,5,0.5189217530657944,0.00914787711740645,5
recurrence,200,200,rf,raw,0.7497899789978999,0.017772462376530188,10,0.666001064418333,0.03313144970253321,10,0.15055141782989884,0.007476224221608782,10,0.11798696500704194,0.022404967158367848,10,0.4812738769426466,0.012326296908518688,10
recurrence,200,200,rf,calibrated,0.7455745574557456,0.019920952911558633,5,0.6495092475736585,0.01691346385669145,5,0.1501617281794274,0.009507735054856695,5,0.09334917981274714,0.019429117174311526,5,0.4813843116943703,0.013397479111270929,5
recurrence,200,200,rf_smote,raw,0.7225022502250225,0.03656229405960966,10,0.5653529812741304,0.05270630839470288,10,0.1653617636371416,0.006737762673106547,10,0.12340808290061267,0.021640529053317124,10,0.5130939519260649,0.015513052209637937,10
recurrence,200,200,rf_smote,calibrated,0.7315631563156316,0.04279026388124452,5,0.5752682105926497,0.03680095967426919,5,0.15864151487495898,0.007891558078532413,5,0.08608007631670136,0.013253052986743624,5,0.4933705449977522,0.019267088249865363,5
recurrence,200,200,tabpfn,raw,0.7543654365436544,0.01975953146996134,10,0.6678750568028817,0.02221559308608043,10,0.13516797905123218,0.005909875855896431,10,0.06928300834330384,0.02563883255291326,10,0.439342405196636,0.015407334086732227,10
recurrence,200,200,tabpfn,calibrated,0.7585358535853586,0.017891954091239507,5,0.6689356515920457,0.028038357162346317,5,0.135238414755195,0.007611276023869776,5,0.07254819972913273,0.024244307290835956,5,0.4374927127390328,0.019846762937867548,5
recurrence,200,200,xgboost,raw,0.7135013501350136,0.025938457047071248,10,0.5960978428254216,0.04680272707385957,10,0.14930637119494108,0.0096716944172506,10,0.09075662925780348,0.025216833558746102,10,0.4961196009888559,0.03536469964521124,10
recurrence,200,200,xgboost,calibrated,0.7136513651365137,0.019266972765220377,5,0.6023591176672158,0.0480520191179974,5,0.1521631156631431,0.008122134084124186,5,0.07628480158612523,0.033147152823816015,5,0.483513102974111,0.015026525741621756,5
recurrence,500,500,lightgbm,raw,0.7188118811881188,0.022794295575567926,10,0.6198544003863934,0.026548801449938104,10,0.14448748912768825,0.007346567358934485,10,0.08983738340581396,0.02246935751172524,10,0.4867952269964255,0.04711064783566387,10
recurrence,500,500,lightgbm,calibrated,0.7282328232823282,0.01802603629052955,5,0.627972507245165,0.02561320435821656,5,0.14419143627707406,0.004021423407469557,5,0.07552925543928171,0.010211353214270334,5,0.46339979992533964,0.009159267595905215,5
recurrence,500,500,logistic,raw,0.7690969096909691,0.02204543479677967,10,0.6382843465223226,0.029585248581465256,10,0.146528564535071,0.011814117340888924,10,0.08522758764770205,0.02175035191956165,10,0.4790301229163112,0.04187464934220252,10
recurrence,500,500,logistic,calibrated,0.7644164416441644,0.027038846360958376,5,0.6306261859892768,0.035887087206181306,5,0.14863328279191088,0.007883360685326695,5,0.06658998657332214,0.01267595685562984,5,0.467834763617466,0.02140098792908712,5
recurrence,500,500,rf,raw,0.7637113711371137,0.014150699504154134,10,0.6960810180325505,0.026882852269482047,10,0.14210460986102127,0.005899516038761192,10,0.1090699824927942,0.021138335277801016,10,0.45927774572388236,0.012875908225766843,10
recurrence,500,500,rf,calibrated,0.7571257125712572,0.014135680439728553,5,0.6907677533222472,0.02665561534503678,5,0.13696716524131264,0.004374808023003655,5,0.09913199096746043,0.031667819040420264,5,0.4498362039458975,0.010441986039743273,5
recurrence,500,500,rf_smote,raw,0.7728322832283229,0.014247661111195395,10,0.670134428969807,0.026858474632637998,10,0.1473779214134557,0.0058897530286572556,10,0.138399643612707,0.023856415188398445,10,0.47108948155628233,0.016586730541401896,10
recurrence,500,500,rf_smote,calibrated,0.7727272727272727,0.012373737121135792,5,0.6638152789635005,0.036271550190834854,5,0.14157656068899815,0.006883363414562773,5,0.0974523913369042,0.03408453250209359,5,0.45483754332618653,0.018113872902416145,5
recurrence,500,500,tabpfn,raw,0.784938493849385,0.005760437153151926,10,0.7064030446534769,0.011500855355465524,10,0.12437096632477643,0.001869677799041365,10,0.06267570270531213,0.008643942298861609,10,0.40852293811795876,0.004111966868196361,10
recurrence,500,500,tabpfn,calibrated,0.7863786378637865,0.00658359083633119,5,0.7093189997418845,0.0088293517477856,5,0.12533040074312296,0.00282487189657028,5,0.07176939691041308,0.0047355376765682,5,0.41184139581134704,0.008592279625790473,5
recurrence,500,500,xgboost,raw,0.739063906390639,0.025653315807931395,10,0.6551232701659754,0.033145681592419894,10,0.1370463999767552,0.005810566735247606,10,0.07797551825642586,0.01921479137724464,10,0.4492102892894122,0.016864281208514676,10
recurrence,500,500,xgboost,calibrated,0.754995499549955,0.017018076274593147,5,0.6706504965971973,0.025134992455303803,5,0.13741504622375633,0.005687180583318432,5,0.06841990887031726,0.019602024904025954,5,0.4462792888604444,0.01408725977461633,5
recurrence,50,50,lightgbm,raw,0.5768976897689769,0.06480876478684712,10,0.3331354892072346,0.06996583756062509,10,0.20382021029285108,0.024265371711976864,10,0.14687350149743109,0.0527058222732574,10,0.6578977945651757,0.11972068738248379,10
recurrence,50,50,lightgbm,calibrated,0.5183618361836183,0.1251630276880604,5,0.2926488975773563,0.10012391121074751,5,0.18570827963922518,0.00720316935474669,5,0.042646423503191574,0.022075047563222736,5,0.5599696034241236,0.021056628698129937,5
recurrence,50,50,logistic,raw,0.590999099909991,0.06933583087707329,10,0.39095355023791933,0.08916277544288422,10,0.18869117163497456,0.017719808356035042,10,0.07554339135546426,0.060078008459608555,10,0.6100422120665039,0.1361173082271548,10
recurrence,50,50,logistic,calibrated,0.6256225622562257,0.0408616191270833,5,0.43058852703429445,0.047797080802517926,5,0.18039469798459298,0.0047098017332905615,5,0.04455009060193367,0.01872078161162566,5,0.5454675275017472,0.010432829305468426,5
recurrence,50,50,rf,raw,0.6229372937293729,0.07028171244659381,10,0.40428689776563376,0.1083897337071463,10,0.1788270581986064,0.011546062745887,10,0.06639054938130637,0.021205073412729324,10,0.5437939284664616,0.027861755253677886,10
recurrence,50,50,rf,calibrated,0.6701770177017702,0.04703760979494679,5,0.4647977491035917,0.08127693515216396,5,0.17702602863404454,0.007877676394108767,5,0.04430144282769925,0.018183959841393725,5,0.5370856513119511,0.018505948515579157,5
recurrence,50,50,rf_smote,raw,0.594029402940294,0.079826176032388,10,0.3552354084802437,0.08833060138447321,10,0.19163812558401,0.015387829631443958,10,0.10502436633006773,0.028965692729741706,10,0.5711222776597042,0.03317766629694079,10
recurrence,50,50,rf_smote,calibrated,0.5825982598259826,0.1325479361038244,5,0.3473579675824384,0.11916854362615095,5,0.1817669426943766,0.007307487597394639,5,0.04647949825354407,0.020443146842353495,5,0.5484499724185452,0.019678971105202867,5
recurrence,50,50,tabpfn,raw,0.6592859285928593,0.04987365488327946,10,0.4622653753589484,0.09263558815513993,10,0.17231305261685925,0.008379159706364134,10,0.06246312806771984,0.026731952243968477,10,0.528417130228648,0.018690192254061672,10
recurrence,50,50,tabpfn,calibrated,0.5368136813681368,0.21957824445728166,5,0.40784506158100775,0.20800001222458267,5,0.17916170344025206,0.013370893757241915,5,0.05848448071958283,0.033127485812487346,5,0.5458347345969783,0.02896569726951922,5
recurrence,50,50,xgboost,raw,0.5786078607860786,0.06386881715178867,10,0.32206883301519496,0.06500581268449283,10,0.20203399040178027,0.016963925587474005,10,0.1299582966811844,0.04577936923153742,10,0.6356868526473831,0.058087462922619924,10
recurrence,50,50,xgboost,calibrated,0.5164116411641164,0.10260859417921411,5,0.2712171704042524,0.06077054036698791,5,0.1880123053862181,0.003881626244266303,5,0.041500460844686435,0.02772234137200607,5,0.5659597199776405,0.012837640459505308,5
recurrence,Full,533,lightgbm,raw,0.7343234323432344,0.01538415847876303,10,0.6458176824679722,0.024107492849693112,10,0.13814127226878756,0.005501818508614879,10,0.08505773235869721,0.008701790544281544,10,0.4580276274753576,0.01738340516383869,10
recurrence,Full,533,lightgbm,calibrated,0.7276327632763276,0.015017093605786064,5,0.636331114130993,0.024969898115026562,5,0.1436350284205744,0.0038674329189329094,5,0.07180110822904755,0.009591378082729054,5,0.4646948656543051,0.009827331097233709,5
recurrence,Full,533,logistic,raw,0.788958895889589,0.009855121699578744,10,0.6662657194938234,0.014974395402786517,10,0.1371136897382274,0.008004272365803256,10,0.0716720871208789,0.015800912890131497,10,0.44992137776519864,0.03632292147748895,10
recurrence,Full,533,logistic,calibrated,0.786918691869187,0.01117465763886926,5,0.6631657251319922,0.016979368401138013,5,0.13852349235269312,0.0046339244044079205,5,0.05820325265440683,0.009315144626486438,5,0.44231951275023745,0.013131654383765557,5
recurrence,Full,533,rf,raw,0.772037203720372,0.009519933031208365,10,0.7074930418865111,0.014943217324782624,10,0.1416800952286227,0.005159513054742951,10,0.11456243193905384,0.021599312033408608,10,0.45865548740163165,0.009357215314644712,10
recurrence,Full,533,rf,calibrated,0.7712271227122713,0.011717506501757256,5,0.7077587564005544,0.020521715086319992,5,0.1354368754849103,0.003802064369008708,5,0.10227203099290294,0.021710542259568186,5,0.4484919773397603,0.006883130717975511,5
recurrence,Full,533,rf_smote,raw,0.7850135013501351,0.01593025430000043,10,0.6784240451581263,0.013475735778751703,10,0.1472223471451652,0.003657131242759847,10,0.1398740593921961,0.01208758658645867,10,0.4715725146967825,0.009387157419160264,10
recurrence,Full,533,rf_smote,calibrated,0.78001800180018,0.019880695270952438,5,0.6801437372802552,0.019000594453794158,5,0.13817118965198835,0.0022628026052590633,5,0.09237077712744686,0.018821504063671595,5,0.44767864372411414,0.00519222699267301,5
recurrence,Full,533,tabpfn,raw,0.7885388538853886,0.0030261909184181634,10,0.710668310209138,0.004566719981673693,10,0.12377058617231318,0.0009323135621651696,10,0.06431005750574283,0.006026739667269382,10,0.4067247169451404,0.0023342784597105725,10
recurrence,Full,533,tabpfn,calibrated,0.7890189018901891,0.0020393213882948,5,0.7110016909509681,0.005139244552343102,5,0.12404509154710378,0.0009343597968135033,5,0.06824397955931379,0.009007281087205669,5,0.40765245047823584,0.0024038812647260337,5
recurrence,Full,533,xgboost,raw,0.7456945694569457,0.0175021502104497,10,0.6655440966909617,0.022858874429605536,10,0.13532459691926113,0.004789251864453664,10,0.08432414867539903,0.011970241421857396,10,0.4447577725162531,0.014088659670137709,10
recurrence,Full,533,xgboost,calibrated,0.7368136813681369,0.021798578642984696,5,0.6537728232482242,0.027801962853036145,5,0.1398021452585189,0.00515632435296319,5,0.06938844345521374,0.006273642106836177,5,0.4547943493182565,0.013745197875243335,5
survival_status,100,100,lightgbm,raw,0.6768928571428572,0.06618963043310294,10,0.3473811442575723,0.07534592359791308,10,0.1534095148978479,0.01508045166233773,10,0.10952588717772112,0.03320911801632228,10,0.5291424852012453,0.0816491455871866,10
survival_status,100,100,lightgbm,calibrated,0.5735714285714286,0.17578087443270538,5,0.2823403939273786,0.10955278124312627,5,0.1454456863665398,0.005263479697984494,5,0.04293309566369389,0.02534108354367791,5,0.4614175366537875,0.017821952188189542,5
survival_status,100,100,logistic,raw,0.6907857142857143,0.03750502611820158,10,0.3748520155472578,0.03146179334339109,10,0.1494517187259194,0.01636647922736114,10,0.08446835351933749,0.051373557002736985,10,0.5525117155822821,0.198742195517427,10
survival_status,100,100,logistic,calibrated,0.6975714285714286,0.037089075073340846,5,0.3846503557095341,0.026728715104114318,5,0.14187537714460374,0.006032279016145047,5,0.04167567910150825,0.024256730932984687,5,0.45138396844505085,0.019210245629136976,5
survival_status,100,100,rf,raw,0.7491785714285715,0.058654195296247526,10,0.45414192060823605,0.09185058923133343,10,0.13078761674421124,0.007831687249025021,10,0.0561114634771957,0.024784979963888436,10,0.4192688944863157,0.02400343328678037,10
survival_status,100,100,rf,calibrated,0.7425357142857143,0.05971077185491916,5,0.4687019546807118,0.09117194710738676,5,0.13619831988384215,0.007288589139383932,5,0.061596227425937476,0.02144884793086674,5,0.4356455562768404,0.022059611446150044,5
survival_status,100,100,rf_smote,raw,0.6855357142857142,0.07291358108145865,10,0.3716784427777145,0.11646124265652917,10,0.15466268780885728,0.016237855427773736,10,0.1283125265916968,0.024518467972601918,10,0.4800617940181976,0.037950589262257035,10
survival_status,100,100,rf_smote,calibrated,0.6755714285714285,0.09835820623971278,5,0.3643061184561246,0.1389368991351078,5,0.14328399866596167,0.007423512564129897,5,0.039918810386680645,0.030022428338523165,5,0.4544134574660753,0.02166533775597736,5
survival_status,100,100,tabpfn,raw,0.7305357142857143,0.05150354158617021,10,0.4100903518838547,0.1242677637966663,10,0.1358836354922916,0.009663788607753422,10,0.06704199319521822,0.020215000999899157,10,0.429105233178898,0.023600135321612814,10
survival_status,100,100,tabpfn,calibrated,0.7162142857142857,0.05809892162405039,5,0.4010778597647214,0.13926701175811812,5,0.13890932482649404,0.007194333466192564,5,0.06988874422270436,0.03640789592825566,5,0.44074061422461847,0.017800260910436967,5
survival_status,100,100,xgboost,raw,0.6647321428571429,0.0740679639215124,10,0.3430378770737906,0.10721779563111719,10,0.1497870179695241,0.0160829128559494,10,0.10148461548642111,0.03351749108492357,10,0.49566811924433934,0.05345031548019921,10
survival_status,100,100,xgboost,calibrated,0.6469285714285714,0.09061320296193273,5,0.3221259844810037,0.06775731685438127,5,0.14584921689500585,0.00627171564302551,5,0.03660710298263713,0.031265196827869685,5,0.46274999955110624,0.021203748897603014,5
survival_status,200,200,lightgbm,raw,0.7076071428571429,0.054942004570393596,10,0.3559347129026351,0.08153792924181423,10,0.148712367920985,0.012187684326957835,10,0.10394467286378609,0.02273183100516308,10,0.49681105579602935,0.06460067374475349,10
survival_status,200,200,lightgbm,calibrated,0.7045714285714286,0.06254967413739161,5,0.3716107055207038,0.07144578596596073,5,0.13784983415844354,0.006206750056195955,5,0.04050382925386308,0.01980893947610423,5,0.43831907230557354,0.01999755296712883,5
survival_status,200,200,logistic,raw,0.7179285714285715,0.023604354108507617,10,0.4136333911623861,0.049250536535908766,10,0.1421266774294902,0.015373186365671554,10,0.06898503372937295,0.04309059935544102,10,0.47184445349634185,0.10554996639481451,10
survival_status,200,200,logistic,calibrated,0.729,0.018088501252204923,5,0.42321000257204516,0.038928663118791756,5,0.13392049576359027,0.004106729324019371,5,0.06653113645364964,0.012910246737419343,5,0.4283734867132095,0.011822823908362827,5
survival_status,200,200,rf,raw,0.7717678571428571,0.042587565686873746,10,0.4987512516028113,0.0846324315455742,10,0.1280932769013456,0.0056270480503816216,10,0.05780563466695724,0.017602064315424753,10,0.4115652948760055,0.016318657962030754,10
survival_status,200,200,rf,calibrated,0.7575714285714286,0.035047935468615586,5,0.4949449502712545,0.03892168960516264,5,0.12874013000072085,0.006003457941143185,5,0.05788596890443639,0.008909551170794129,5,0.4139100905805407,0.01739283101751083,5
survival_status,200,200,rf_smote,raw,0.7166964285714286,0.044928234693516936,10,0.35804895672441195,0.0738740118412141,10,0.14999991729483114,0.009021386130711701,10,0.11814215727356685,0.013055860020450828,10,0.46835865654481756,0.022555620477464976,10
survival_status,200,200,rf_smote,calibrated,0.71375,0.03519080642927718,5,0.37670431334551957,0.07637683043652257,5,0.13924439954612836,0.007687883813740026,5,0.057535773044045224,0.027634119288739767,5,0.44168653314318185,0.023358471149482016,5
survival_status,200,200,tabpfn,raw,0.7524642857142857,0.04197992785133897,10,0.4252573008799524,0.10238021589666434,10,0.13187482493105146,0.010192639569922642,10,0.05677234609985221,0.011566696786896027,10,0.41611956095177327,0.025866647488079604,10
survival_status,200,200,tabpfn,calibrated,0.7389285714285714,0.036769240416635304,5,0.40399317547920816,0.07585276137263844,5,0.13666376534636243,0.007097512699099697,5,0.06708202335083327,0.016590089969086803,5,0.4316130866029118,0.02069958150925953,5
survival_status,200,200,xgboost,raw,0.6903928571428571,0.04614917458842297,10,0.36071420757604633,0.06804707330722018,10,0.14252198402361899,0.008814337452583488,10,0.058879898501182804,0.025455513665562826,10,0.4538002682380789,0.028308607205338426,10
survival_status,200,200,xgboost,calibrated,0.6785714285714286,0.037767751604040334,5,0.35790472088183545,0.021837340495319827,5,0.14027391804536418,0.0032021722773470907,5,0.038026633230008114,0.01883420852558596,5,0.44696747775328316,0.010497694733004713,5
survival_status,500,500,lightgbm,raw,0.7439642857142857,0.018577875864999458,10,0.39622040348625165,0.02508981135121853,10,0.13766949382079294,0.005235797406315889,10,0.07406044562615378,0.025646945755291705,10,0.4466787254802577,0.03196089117041387,10
survival_status,500,500,lightgbm,calibrated,0.7364285714285714,0.021298713671995147,5,0.3918367364963193,0.02331624680302297,5,0.13454479840782274,0.0012684316276060767,5,0.050268393294159955,0.005111596002517893,5,0.42796583575013775,0.0052446100392271175,5
survival_status,500,500,logistic,raw,0.7477142857142857,0.0075540381296027555,10,0.44892297655912117,0.01708816523071627,10,0.1309367093184402,0.002889416797511355,10,0.04618626555809596,0.016643046031744813,10,0.4203204964459405,0.007616177510096884,10
survival_status,500,500,logistic,calibrated,0.7497857142857143,0.007498299126863254,5,0.45243073566007946,0.007885898719584325,5,0.12914825363075372,0.0006211878108177073,5,0.0475865517751142,0.014544475124302556,5,0.41394656091900517,0.0028219855895798406,5
survival_status,500,500,rf,raw,0.810357142857143,0.012988471689363488,10,0.5780750355918423,0.028918346177879032,10,0.12373474823442923,0.0016848036191684694,10,0.07534793881730943,0.015157709064128411,10,0.3999256864866172,0.004100025128561898,10
survival_status,500,500,rf,calibrated,0.8110357142857143,0.008506450133725049,5,0.5809558344001797,0.017118107069589463,5,0.12044170942519931,0.0025487036034011856,5,0.0699727700682878,0.0128297070789556,5,0.3916075544708728,0.007107986137037443,5
survival_status,500,500,rf_smote,raw,0.7732321428571429,0.014845779861806352,10,0.43951700619784306,0.035046012026105154,10,0.14000698186366795,0.0033975433032084673,10,0.11538439010811788,0.015040302910681324,10,0.44638269080320453,0.009393389748956042,10
survival_status,500,500,rf_smote,calibrated,0.7810357142857143,0.012260720007488957,5,0.4511766066261206,0.03255355237940638,5,0.12939363584394767,0.002075159489433224,5,0.058206764402417156,0.015831534959463503,5,0.41112630155314883,0.007312709809506505,5
survival_status,500,500,tabpfn,raw,0.823857142857143,0.0061647818410218245,10,0.5505485172333968,0.02941076630460084,10,0.11806330033630814,0.0012843142987844927,10,0.06311470817937685,0.010374530539041875,10,0.3809924007040625,0.0030071573734136575,10
survival_status,500,500,tabpfn,calibrated,0.823857142857143,0.0074974485455972465,5,0.5566156770063231,0.02437722601833519,5,0.11921560478373583,0.0026752008252260693,5,0.06889508102967978,0.007824955639557743,5,0.38556944899348883,0.00891478128659355,5
survival_status,500,500,xgboost,raw,0.7835,0.02831371870077589,10,0.499253093263235,0.032914724687007825,10,0.12459544559166735,0.003697899318817022,10,0.05111243897899441,0.018118856791895767,10,0.39884209198013104,0.011387096514166617,10
survival_status,500,500,xgboost,calibrated,0.7877857142857143,0.03696161135943229,5,0.5023374910102308,0.037162207533218035,5,0.127363121373752,0.005736436174326604,5,0.06825029649397317,0.022634155662416174,5,0.40988294977568807,0.017038582028842963,5
survival_status,50,50,lightgbm,raw,0.6384821428571429,0.07122243320398844,10,0.3210286736093956,0.10470731952006897,10,0.1590206394833004,0.023926714950681188,10,0.11861350631671386,0.04991006948703688,10,0.5440867019360215,0.11019297089116299,10
survival_status,50,50,lightgbm,calibrated,0.6151785714285715,0.04085814184592878,5,0.2690329057513644,0.05245398364139042,5,0.15008913000310614,0.006894446161536736,5,0.04950490447913499,0.03976815359065828,5,0.4754371714709994,0.018538954416727142,5
survival_status,50,50,logistic,raw,0.6416071428571428,0.0665560838810946,10,0.3225486579287814,0.06190191382372888,10,0.15650307135071828,0.027200312313088882,10,0.08876023056234536,0.06000441799919046,10,0.5792009738863055,0.2903861007897944,10
survival_status,50,50,logistic,calibrated,0.6502142857142857,0.05569230335568125,5,0.31236615373453497,0.042980777618268094,5,0.14696533776140258,0.005226496508482749,5,0.04724667311157254,0.02951041946857484,5,0.4674763510971342,0.01811748700161158,5
survival_status,50,50,rf,raw,0.7150535714285715,0.03577386399647225,10,0.40138449357912603,0.06872084576901866,10,0.1358773368327341,0.005959168929980647,10,0.06065554418183795,0.015160778534988205,10,0.43438328892855427,0.01599655237127059,10
survival_status,50,50,rf,calibrated,0.7069642857142857,0.02513452327385746,5,0.3855539804786853,0.052888788769375444,5,0.13807356519933664,0.00515533309631677,5,0.06563850299130988,0.030444829631218633,5,0.44270730632030136,0.015356524449211876,5
survival_status,50,50,rf_smote,raw,0.66525,0.07149150005769123,10,0.3264968176071731,0.09520140791571927,10,0.1525854362257527,0.013154710401548513,10,0.10194212639294462,0.015766956648962712,10,0.4772403442404687,0.03164225789440079,10
survival_status,50,50,rf_smote,calibrated,0.6589285714285714,0.035976714407958875,5,0.3019591794197832,0.04394680458953924,5,0.14431969035281916,0.003005490000765791,5,0.03728632360806329,0.006306805997172252,5,0.45417993058034944,0.008954563741130689,5
survival_status,50,50,tabpfn,raw,0.6921071428571428,0.07629595563203191,10,0.37388598712758964,0.10992208034789541,10,0.1391416990326735,0.00980730595357646,10,0.05390959582189574,0.02580680561123867,10,0.4421873323292812,0.02834586047591716,10
survival_status,50,50,tabpfn,calibrated,0.6818571428571428,0.05049398832675881,5,0.3511868174610548,0.08047823629422195,5,0.1444242761222682,0.006153768251022459,5,0.06424840667344578,0.02882073442664947,5,0.4559010873783883,0.012090923662887543,5
survival_status,50,50,xgboost,raw,0.6541785714285714,0.08299865617850473,10,0.3178167303105728,0.08640558978263345,10,0.15829935100700432,0.017705614719286514,10,0.10914658117142037,0.03888679116409491,10,0.5222059784284894,0.06515662087688996,10
survival_status,50,50,xgboost,calibrated,0.6512142857142857,0.0444758304002963,5,0.29284215532915947,0.027460865769220705,5,0.14960449797362269,0.008969286462427933,5,0.059580087394213964,0.03875686889495557,5,0.4708603663397176,0.0198763038119487,5
survival_status,Full,537,lightgbm,raw,0.7708928571428572,0.008182737900390365,10,0.45078679152173173,0.02373465516746889,10,0.13080265613982298,0.0041355154512166675,10,0.05859854625462828,0.027137842331575863,10,0.42097103178134765,0.018081331614631657,10
survival_status,Full,537,lightgbm,calibrated,0.7745714285714286,0.008584068061810633,5,0.4512582307064742,0.0222343468265449,5,0.12962325211025674,0.0013022277070368663,5,0.054454899507714496,0.015402748995787377,5,0.4141564361585681,0.0037028636382583336,5
survival_status,Full,537,logistic,raw,0.7547857142857144,0.004065785563073559,10,0.4609244845606383,0.015490062321362961,10,0.13046924629125561,0.0035028905744502186,10,0.044600205714481866,0.0023114805333455044,10,0.41790209398396316,0.010274237590023685,10
survival_status,Full,537,logistic,calibrated,0.7567142857142857,0.005281610375942625,5,0.46827206626565754,0.020122181214756705,5,0.12784061167658298,0.002473538392054875,5,0.045733288676159375,0.008570541677443633,5,0.409844816479778,0.006392029944203037,5
survival_status,Full,537,rf,raw,0.8278214285714286,0.008310257165073736,10,0.6131303840786031,0.02620401250304137,10,0.12188242075248665,0.0018309269782753716,10,0.08656138433244198,0.008811744099038893,10,0.39448106407147326,0.004671327442842638,10
survival_status,Full,537,rf,calibrated,0.8261428571428571,0.005430450802499442,5,0.6047988496516568,0.020880969039737424,5,0.11660778644235037,0.0006653043922156262,5,0.07451659062302188,0.018480708755595814,5,0.37909129598274116,0.002531338220655746,5
survival_status,Full,537,rf_smote,raw,0.7796607142857143,0.01179786831220023,10,0.47866559011066234,0.043116946913147144,10,0.1367519652755315,0.0031144327202318307,10,0.11605155555216881,0.012441715357927862,10,0.4387953727435875,0.008844279599265412,10
survival_status,Full,537,rf_smote,calibrated,0.7776428571428571,0.01204291857296649,5,0.48292562050722576,0.05873328493640443,5,0.12715135291760862,0.003544188053201666,5,0.05375898164694951,0.0094973700391951,5,0.40579490157883524,0.009072788022161571,5
survival_status,Full,537,tabpfn,raw,0.8341785714285714,0.004185501646909367,10,0.5764751625883229,0.01289485881724102,10,0.11598503159452311,0.0005719854170778644,10,0.06532331523179573,0.007524093340986015,10,0.37585329229479225,0.0013588787940408123,10
survival_status,Full,537,tabpfn,calibrated,0.8350714285714286,0.0013219111088087253,5,0.5838003122409003,0.006597904329752481,5,0.11695544761005179,0.0008680442934417568,5,0.06703055177877755,0.005341611309668162,5,0.37918613190319705,0.002099965654900149,5
survival_status,Full,537,xgboost,raw,0.79325,0.02196901162217655,10,0.498309905250672,0.019671099823102067,10,0.12367859534779613,0.002773298895145689,10,0.07115488869348799,0.025098123529333508,10,0.39534841088325845,0.007121711547352653,10
survival_status,Full,537,xgboost,calibrated,0.7938571428571428,0.023305316026650227,5,0.4900366885190673,0.026328196951428663,5,0.1265358879911042,0.003192930973158751,5,0.06088463970155554,0.01435463636699396,5,0.406359144185655,0.008485482917971065,5
